Aetna-AK,0a78daaa-8631-4a09-9c65-c2d335bd3a4c
Aetna-CA,3363e0d5-9641-42e7-8793-93d205f5f1bf
Aetna-AL,b82d399a-355c-4a80-aa21-28a5e80a054b
Aetna-NJ,1997fd71-bd14-45b8-b08a-d950f757182d
Aetna-WA,c38625a0-84b9-434b-a63a-106d48d0363d
Blue Cross Blue Shield Louisiana-LA,96f2529c-67f5-4192-993c-44ab8feca0d4
Blue Shield of California-CA,9a40d81e-9cd5-4415-b65a-60be4ec0d7ca
Kaiser Foundation Health Plan-CA,8fea7934-8e65-47d6-9996-6ec93cdf5471
Aetna-AR,e152aea4-ceb2-4611-a1ba-110f301a98e1
Aetna-CO,c1be624a-e3ee-4407-b96e-576a97657a64
Blue Cross Blue Shield of Arizona-AZ,47d025fb-53db-4301-8fd8-0db0e1396b10
Blue Cross Blue Shield of Massachusetts-MA,0ad85398-318c-4868-a93e-9edb3f13712c
Aetna-AZ,00ea1d2f-640c-4328-b39c-80d3eef66346
Aetna-CT,3a0e8763-5738-4d49-b6fa-f7ecac16c72c
Aetna-NM,3f6e50d8-4123-451a-b239-027dd4d806bb
Aetna-WI,682c1b7e-437c-4253-a3ef-9376b1a98e8a
CareFirst BlueCross BlueShield-MD,8e318bd9-1dd7-46e3-bb1b-19a1ca317426
Aetna-NV,4ca8ca9d-cfba-4fa2-9e97-e98019cf6c36
Blue Cross Blue Shield of Michigan-MI,5a57b870-1d1a-4146-af2c-92edee341969
Aetna-WV,1555ded3-8399-415e-8a27-e2c3b8c28ad9
Blue Cross and Blue Shield of Illinois-IL,89781d9e-2a5c-4ebd-9943-2b187adc062f
Aetna-WY,0e3b72ad-d85c-4abf-ad8b-424c4d5a277b
Ambetter-AZ,e89f8ca2-e8fb-4aa6-b834-842ff45ba992
Kaiser Foundation Health Plan-MD,04bcb750-a55d-4f86-9155-00ee8b961496
Cigna Corporation-AK,62e32326-341c-4651-94d1-85d0e038e5e3
Cigna Corporation-AL,d30e75e1-6b6a-4699-b51d-779c69d6a5f6
Aetna-NY,5f1cb5ee-c780-43c3-a853-f2ad9e767ba6
Ambetter-IN,5bf91396-d70d-44f3-9ff0-df0b4febee23
Aetna-DC,c8d3ae6b-a595-41e3-95e0-2e52dc2c371c
Ambetter-MI,cdcaaf79-844a-4193-9b76-7ddf307171c4
Cigna Corporation-AR,270969b5-e973-444c-befb-8525417d7831
Aetna-DE,9a02d92d-bf2f-482b-a45b-bba1b1466446
Ambetter-MO,b0906d8e-ef8d-475f-a57c-65ff5f18b50e
Aetna-FL,ba33a016-07a9-425e-ac15-f8942ef7cd52
Cigna Corporation-AZ,15d09f76-7285-4349-9889-9435fa7fb2a6
Ambetter-OH,efde1c18-bdc8-4161-8f61-feca1c96caab
Anthem-CA,8b7a5fa5-f8d0-4215-94d1-066def13c682
Cigna Corporation-CA,22f8ee55-7942-45a9-8d4a-807a5c6d3971
Kaiser Foundation Health Plan-OR,b4691557-537e-4675-8d25-e347fd211903
UnitedHealthcare-MA,713c85e8-706b-4595-b595-a1c151e54c41
Kaiser Foundation Health Plan-WA,2d1d7b35-58ab-4225-8384-e7a39ab8e213
UnitedHealthcare-MD,45704bd2-0cb1-4d96-84ad-bed77a18b6b1
UnitedHealthcare-ME,3766a0e8-6a20-4e55-8873-c4aa2685600d
Cigna Corporation-CO,900da3ae-f6bd-4ef1-9602-39db0f7fd597
Optum-AK,50009fad-57cf-4b3c-bc8c-2dee848119c5
Optum-AL,46f7c020-a6d7-498d-965d-545d59fd443d
Optum-AR,bc7771b6-c663-418c-b92c-c31837f77bd8
Optum-AZ,d1737197-c08b-410a-8a3d-4ad1b38c2b3e
Optum-CA,6b47497e-9eca-4d5c-b259-a82f7b19e744
Cigna Corporation-CT,554006c6-15f8-42b4-b31c-9fc89518e26d
Optum-CO,e9f25f51-fc11-4f80-93b8-3a441d8e4e6f
Optum-CT,c28ce351-1c31-44ea-a324-0b7fadc6935a
Cigna Corporation-DC,60277cd8-7a58-443b-881c-623bfc68baa6
Aetna-OH,b5dd1dca-00b1-4e37-98c8-92960593f971
Cigna Corporation-DE,d399779e-08d4-4afe-a66c-fdbd8fce18dc
Aetna-GA,728fc6a3-f5c6-4b2d-ba74-e327fe2857cb
Optum-DC,36522530-4e5c-4e14-86af-091545398c29
Optum-DE,9fc88e67-6ff9-442e-93ce-cea0d49fb34e
Cigna Corporation-FL,864d7b44-4d7c-4ffd-9402-e945a2f33c2a
Optum-FL,25439d2d-3315-4215-841f-f063aba60379
Blue Cross and Blue Shield of North Carolina-NC,61ebe027-3014-4c8e-9ff7-63a75bb5a7eb
Optum-GA,544f9ed6-5ca7-4c8a-93aa-190deaef7af6
Optum-HI,18bde601-8a8d-4adf-ba24-4ba06e3458e1
Optum-IA,2436d06b-4b1f-49c2-af86-378ceb562248
Optum-ID,6f8b99ba-f91a-436b-8d56-4be8fbb9d3e3
Optum-IL,406bc520-6c34-4e96-9eb3-291595ea7441
Optum-IN,081d79c0-9b00-46da-afb4-610d202e09a8
Optum-KS,4340b0b0-b6d6-43af-9dcd-be3b7ebbbc69
Optum-KY,d82cbeda-2a56-4cec-8cde-960f82eb2149
Optum-LA,b9877867-9417-4cd1-8996-7d8a25d8f5f5
Optum-MA,a12d1479-2437-4807-a0fc-f2a427f27a01
Aetna-OK,75582c6c-97e0-4aeb-8bc7-f81a42fe57aa
Cigna Corporation-GA,3770b1e0-5707-436f-afa1-0f0fa3fbc23c
UnitedHealthcare-NE,51c69746-130c-40a1-8e00-5922015817c4
Optum-MD,f06d71cb-45b8-445c-9f66-815f67e0c14e
Aetna-OR,778d2ee1-39ad-473e-a8dd-9298c322658b
Optum-ME,30c5e24c-6bc7-45bb-84fc-65d329b6c0c3
Optum-MI,984f2584-e06c-4bc6-9a08-4cc769296c28
Cigna Corporation-HI,12ae62d7-aa45-4ad6-a828-a6a8bbaaa26a
Optum-MN,755fe6cf-3c5f-49f0-972f-962aba24831d
Aetna-HI,822a8812-1c86-4bc9-8e04-030e584002e9
Aetna-IA,a8070fba-2d7c-4916-8322-ebdeacf8a0ea
Cigna Corporation-IA,f7c4359d-0e12-48bb-a715-a5fbffc5af28
Optum-MO,f65307ed-440b-4015-8aa7-83bb6bc8c6ba
Aetna-PA,fbbcae18-7e47-4339-8b64-2f7d2a4b22d8
Optum-MS,faae5ad6-1ff7-43d7-9ed7-a772f2dc98f2
Optum-MT,5ca08ab9-f201-4a9f-b3c5-de5e348ec3c4
Optum-NC,a2431d95-dbaf-4756-889b-7523df5e2ee6
Aetna-ID,ab748067-f1f8-44fb-a285-6b33246a1937
Cigna Corporation-ID,9649d833-3c23-413d-87d5-e38c55c9db9a
Optum-ND,78b9b88c-12d5-4149-aacb-2b22bce035cf
Optum-NE,233ecd2c-22ca-4ec9-8174-546861d7f4a6
Optum-NH,f27a6979-ea65-4b2b-9515-2031294d7c22
Cigna Corporation-IL,5588a4fd-059e-461f-8ab2-deaccfe913c1
Optum-NJ,9cdc35d7-87c5-4401-b693-4fa26d17b7e8
Optum-NM,64c94918-ef4f-4a8e-8267-87aa4e47bb87
Optum-NV,1780ed48-e5f6-4dae-832c-0ba63163c315
Optum-NY,dded4ce0-0455-4a3e-8d34-2877c52435f6
Aetna-IL,2ae2e07c-d604-4825-9fa6-055072aabd98
Optum-OH,a1cc4e63-d393-402c-a72f-554f9ed9ad04
Cigna Corporation-IN,8ed562b6-7480-41fc-a951-28b0c25d56bd
Optum-OK,61e3e1e5-4187-43d9-81de-98c612288524
Optum-OR,2a358395-e3e2-4f55-90d2-d1ec8bc4066b
Optum-PA,8cb8d748-2df0-405c-8b7f-ae096ca162a9
Cigna Corporation-KS,38c06191-1119-42a7-b08b-72e092381597
Optum-RI,6f5bbea5-9728-4d26-a49b-f73186708477
Cigna Corporation-KY,57fb2f44-7b50-407d-a147-a22fd13e766e
Optum-SC,b1b38e85-7463-48b3-98c8-ecfeeb4189be
Optum-SD,88ca6a48-8501-4710-aff5-7af46c5c4270
Optum-TN,e623634f-90e6-4264-8397-07759d907cc6
Optum-TX,3b8e45fd-832f-42b6-80d2-9004248366e9
Cigna Corporation-LA,98bebdd4-5a8b-4254-960a-b0c520457617
Optum-USA,c00ef4b0-02c3-4392-9112-5c7150a4e884
Optum-UT,b3e988d8-2a0d-4384-ba5f-8c0acba6ca5c
Optum-VA,1c942219-611c-4f34-8831-3ae4e81687e0
Cigna Corporation-MA,5e652f73-315b-466b-8040-68848cff8882
Aetna-RI,c31ad9eb-9d3c-4f83-9285-a05cd597d10c
Optum-VT,89d39814-e628-4f37-bd35-bfdea898eab8
Optum-WA,13d8dd56-d43f-4ddd-a11c-2515a399168a
Optum-WI,c67becbb-bba7-4b00-805e-e66bd72f18a6
Aetna-IN,94cbf2df-8493-4974-a278-7625bf5783fd
Aetna-SC,6e1d227c-4c17-425d-9cc2-7716aa325051
Optum-WV,77f66e41-a7e6-4cad-8256-96770c10dac9
Cigna Corporation-MD,bd3a776e-ba98-486f-ac38-9e2baade471b
Optum-WY,7d1a7cde-3106-49ed-87ea-4e61dad9e088
Premera Blue Cross-WA,66367122-781d-4fe8-aae5-53875fd6e3e6
Aetna-SD,8495b3a4-936b-4956-a0b3-1f30837f5f49
Aetna-TN,30bd2d72-b101-4b63-b7fc-5260fb1a6d0e
Aetna-KS,aa95018c-182b-41c5-9eb9-e20a0b86dafe
Cigna Corporation-ME,de97392d-e335-454f-9b46-aedd7cbff092
Cigna Corporation-MI,748b68fc-5dca-4be3-93e4-b021a8f88850
Cigna Corporation-MN,485a2308-1544-42c3-9a0b-02a426f08780
Regence BlueCross BlueShield of Oregon-OR,e344a35c-26ac-4f3b-8ace-935e6868d743
Cigna Corporation-MO,0a1c59f8-241d-4bb4-82b8-8ff3be42c2d1
Aetna-KY,baa3630d-f47d-4892-80bd-2067f3c1ff0c
UnitedHealthcare-OH,0712076c-0fcb-47af-a744-55328ad94ead
Cigna Corporation-MS,7a386755-c96a-40b1-8aa2-6d45ec2c2cb2
Aetna-TX,8050307b-e7a7-4e73-9251-f7cf4923fa0d
Cigna Corporation-MT,d9d2bf6c-fddf-4842-9436-81a591b23b0b
Cigna Corporation-NC,c9f14d51-4858-4189-818d-95fe5b64dd23
Aetna-LA,b0b4707c-a44f-4f7c-bdbb-ff6aa661ab52
Cigna Corporation-ND,2648f79c-c571-4168-8b5d-01688f420b5e
Cigna Corporation-NE,897f9d28-61f3-4730-8a02-f69e3ab5a3ed
Aetna-MA,c4e801bf-f5d3-48a3-8e0f-4aa8dcde5665
Cigna Corporation-NH,c3d6c04e-d0df-40de-b558-8820a21a6c81
Cigna Corporation-NJ,fdb84f52-92bb-453b-90c7-1254309e90a6
Cigna Corporation-NM,585b6d44-a984-45b3-ac43-053aa2af7c21
Cigna Corporation-NV,fd647a71-38a4-464d-b527-7590ae17f66e
Aetna-USA,788ff13a-5366-4215-8c64-4b959d4c0f06
Aetna-MD,541b0ec5-ec75-487b-a5d6-c510e0f26103
Cigna Corporation-NY,e4c9b206-b657-4a1b-89ba-fa0eb5e39471
Anthem-IN,e0c5fe80-0588-4496-9446-9021acc7f85d
Aetna-ME,a3205395-958e-4be5-96dd-2919e6616db3
Cigna Corporation-OH,bb22c2a2-6e62-4d7e-8411-aab741b2769d
Aetna-MI,51178cdb-95af-4035-870b-3e4f7ba09eb0
Regence BlueShield of Washington-WA,2ffbaca1-a41b-4cd1-9ab1-727bc9ca5efb
Anthem-NV,590a6ecd-0765-4af7-9187-4deac1077079
Cigna Corporation-OK,cf2d12fe-8d13-488a-8e85-48fbf6b3d000
Cigna Corporation-OR,b21aab64-5e42-4aca-9865-7b0598fd46ef
Cigna Corporation-PA,a20ca6fe-d0aa-49a8-8a80-14069e5667c2
Aetna-MN,2ffb3af1-3ae3-4f96-80f9-4c1c4d3012c2
Aetna-MO,90d7b053-0aae-4e2d-a517-cd34eecd8d62
Cigna Corporation-RI,dfedb64f-95fc-4f61-968f-c18a5d1e3589
Aetna-MS,ad819106-7213-4b73-8cdd-c31e5238277f
Cigna Corporation-SC,e06710ca-fa52-45f7-87a6-e903caf97c05
Cigna Corporation-SD,4d71eff1-e4a5-4c00-a3eb-2f36d0e2afc7
Cigna Corporation-TN,69b87be0-24f6-4042-a5d6-4f0279171b82
Aetna-MT,b1585739-addf-493c-a54d-e0671e5a3981
Aetna-NC,045ad697-2198-475a-94a6-bdbaf04afe7c
Anthem-WI,3ebd5697-fec9-41f2-8a19-c67845766236
Cigna Corporation-TX,89194659-b5dd-4055-883e-08de1ec48755
Aetna-ND,525cc517-a1fe-46b8-9454-c3e7d373a48b
Aetna-NE,2485a170-f7c1-430c-bf77-a94265447c08
Aetna-UT,d2bd2f82-2458-4290-9522-0eb83c1d9066
Aetna-NH,41ee385f-94d5-4526-bbaa-d0f88f448956
Aetna-VA,6211f5b4-432d-4806-bc15-9304ba38a686
Blue Cross and Blue Shield of Texas-TX,b7b351f4-b4fe-4374-a464-8f1d750ddfb8
Cigna Corporation-USA,7a0f78cd-207a-4c4a-b484-46349be28edd
Cigna Corporation-UT,25d13ded-a0b7-4b52-a0c6-500319cc5350
Aetna-VT,d2fc355a-c014-4e14-834d-f76675ea0a7b
Cigna Corporation-VA,492e28fc-4e39-4e50-b2c2-a72f780ea9d2
Cigna Corporation-VT,f2353b82-735d-4762-8c13-dd7d5cf0306e
Cigna Corporation-WA,15778154-59c8-448e-a980-0d8d0f9c06d5
Cigna Corporation-WI,3d4adbaf-b109-4b5f-81be-322b0339faf6
Cigna Corporation-WV,30122e66-edf2-4868-8e36-f6ed6466699d
Cigna Corporation-WY,a5a9195b-e297-4fb0-a932-c0b93bfcc4d8
